\documentclass[12pt]{report}
\usepackage{lingmacros}
\usepackage{tree-dvips}
\usepackage{listings}
\usepackage{tabulary}

\begin{document}

\section*{Report Labwork VIII}


Prepare for Labwork:

{\small
\enumsentence{import sakila DB}}

\begin{lstlisting}[language=sql]
mysql -u root -p < ../sakila-db/sakila-schema.sql 
\end{lstlisting}

{\small
\enumsentence{import data}}
\begin{lstlisting}[language=sql]
mysql -u root -p < ../sakila-db/sakila-data.sql 
\end{lstlisting}

*. List names of all the languages in the database (sorted alphabetically)?
\begin{lstlisting}[language=sql]
select * from `sakila`.`language`;
\end{lstlisting}
Output:
\begin{lstlisting}[language=sql]
+-------------+----------+---------------------+
| language_id | name     | last_update         |
+-------------+----------+---------------------+
|           1 | English  | 2006-02-15 05:02:19 |
|           2 | Italian  | 2006-02-15 05:02:19 |
|           3 | Japanese | 2006-02-15 05:02:19 |
|           4 | Mandarin | 2006-02-15 05:02:19 |
|           5 | French   | 2006-02-15 05:02:19 |
|           6 | German   | 2006-02-15 05:02:19 |
+-------------+----------+---------------------+
6 rows in set (0.00 sec)
\end{lstlisting}

*. List full names of actors with "GER" in their last name, ordered by their first name
\begin{lstlisting}[language=sql]
SELECT first_name, last_name from actor Where last_name LIKE('%GER%') ORDER BY first_name;
\end{lstlisting}
Output:
\begin{lstlisting}[language=sql]
+------------+-----------+
| first_name | last_name |
+------------+-----------+
| CAMERON    | ZELLWEGER |
| JULIA      | ZELLWEGER |
| MICHAEL    | BOLGER    |
| MINNIE     | ZELLWEGER |
| VAL        | BOLGER    |
| VIVIEN     | BASINGER  |
+------------+-----------+
6 rows in set (0.01 sec)
\end{lstlisting}

*. Find all the addresses where postal code starts with "57", and return addresses sorted.
\begin{lstlisting}[language=sql]
SELECT address, postal_code FROM address where postal_code LIKE('57%') ORDER BY address;
\end{lstlisting}

Output:
\begin{lstlisting}[language=sql]
+-----------------------------------+-------------+
| address                           | postal_code |
+-----------------------------------+-------------+
| 1029 Dzerzinsk Manor              | 57519       |
| 1061 Ede Avenue                   | 57810       |
| 1287 Xiangfan Boulevard           | 57844       |
| 1309 Weifang Street               | 57338       |
| 1515 Korla Way                    | 57197       |
| 1697 Kowloon and New Kowloon Loop | 57807       |
| 231 Kaliningrad Place             | 57833       |
| 390 Wroclaw Way                   | 5753        |
| 431 Szkesfehrvr Avenue            | 57828       |
| 687 Alessandria Parkway           | 57587       |
| 869 Shikarpur Way                 | 57380       |
+-----------------------------------+-------------+
11 rows in set (0.00 sec)
\end{lstlisting}

*. How many films involve a "DWARF" in their titles?
\begin{lstlisting}[language=sql]
SELECT count(title) FROM film where title LIKE('%DWARF%');
\end{lstlisting}
output:
\begin{lstlisting}[language=sql]
+--------------+
| count(title) |
+--------------+
|            2 |
+--------------+
1 row in set (0.00 sec)
\end{lstlisting}

*. Find full names of actors who played in a film involving ’WAR’ in title and longer than 2.5 hours, along with the title, run length and release year of the movie, sorted by the actors’ last names.
\begin{lstlisting}[language=sql]

SELECT
	CONCAT(first_name , ' ' , last_name) AS actors ,
	length ,
	release_year ,
	title
FROM
	actor
JOIN film_actor ON actor.actor_id = film_actor.actor_id
JOIN film ON film_actor.film_id = film.film_id
WHERE
	film.title LIKE('%WAR%')
AND film.length > 150
ORDER BY
	last_name
\end{lstlisting}


Output:
\begin{lstlisting}[language=sql]
+-------------------+--------+--------------+---------------------+
| actors            | length | release_year | title               |
+-------------------+--------+--------------+---------------------+
| ANGELINA ASTAIRE  |    178 |         2006 | WARDROBE PHANTOM    |
| KARL BERRY        |    153 |         2006 | LEATHERNECKS DWARFS |
| SUSAN DAVIS       |    153 |         2006 | LEATHERNECKS DWARFS |
| RIVER DEAN        |    178 |         2006 | WARDROBE PHANTOM    |
| SPENCER DEPP      |    153 |         2006 | LEATHERNECKS DWARFS |
| BOB FAWCETT       |    153 |         2006 | LEATHERNECKS DWARFS |
| GREGORY GOODING   |    178 |         2006 | WARDROBE PHANTOM    |
| ADAM GRANT        |    173 |         2006 | GLADIATOR WESTWARD  |
| KIRK JOVOVICH     |    173 |         2006 | GLADIATOR WESTWARD  |
| KIRK JOVOVICH     |    178 |         2006 | WARDROBE PHANTOM    |
| JULIA MCQUEEN     |    173 |         2006 | GLADIATOR WESTWARD  |
| PENELOPE MONROE   |    153 |         2006 | LEATHERNECKS DWARFS |
| WARREN NOLTE      |    178 |         2006 | WARDROBE PHANTOM    |
| JAYNE SILVERSTONE |    173 |         2006 | GLADIATOR WESTWARD  |
| IAN TANDY         |    153 |         2006 | LEATHERNECKS DWARFS |
| IAN TANDY         |    173 |         2006 | GLADIATOR WESTWARD  |
| THORA TEMPLE      |    178 |         2006 | WARDROBE PHANTOM    |
| WALTER TORN       |    178 |         2006 | WARDROBE PHANTOM    |
| NICK WAHLBERG     |    178 |         2006 | WARDROBE PHANTOM    |
| UMA WOOD          |    153 |         2006 | LEATHERNECKS DWARFS |
| CAMERON ZELLWEGER |    173 |         2006 | GLADIATOR WESTWARD  |
+-------------------+--------+--------------+---------------------+
21 rows in set (0.00 sec)
\end{lstlisting}

*. Find all the film categories in which there are between 55 and 65 films. Return the names of these categories and the number of films per category, sorted by the number of films descending.
\begin{lstlisting}[language=sql]
SELECT
	film_category.category_id ,
	category.`name` ,
	COUNT(film.film_id) AS count_films
FROM
	film
JOIN film_category ON film.film_id = film_category.film_id
JOIN category ON film_category.category_id = category.category_id
GROUP BY
	film_category.category_id
HAVING
	count_films >= 55
AND count_films <= 65
ORDER BY
	count_films DESC;
\end{lstlisting}

Output:
\begin{lstlisting}[language=sql]

+-------------+----------+-------------+
| category_id | name     | count_films |
+-------------+----------+-------------+
|           1 | Action   |          64 |
|          13 | New      |          63 |
|           7 | Drama    |          62 |
|          10 | Games    |          61 |
|          14 | Sci-Fi   |          61 |
|           3 | Children |          60 |
|           5 | Comedy   |          58 |
|           4 | Classics |          57 |
|          16 | Travel   |          57 |
|          11 | Horror   |          56 |
+-------------+----------+-------------+
10 rows in set (0.01 sec)
\end{lstlisting}

*. Find the names (first and last) of all the actors and customers whose first name is the same as the first name of the actor with ID 101 (exclude the actor with ID 101).
\begin{lstlisting}[language=sql]
SELECT
	CONCAT(first_name,' ', last_name)
FROM
	customer
WHERE
	customer.first_name IN(
		SELECT
			actor.first_name
		FROM
			actor
		WHERE
			actor.first_name IN(
				SELECT
					actor.first_name
				FROM
					actor
				WHERE
					actor_id = 101
			)
	);
\end{lstlisting}
Output:
\begin{lstlisting}[language=sql]
+-----------------------------------+
| CONCAT(first_name,' ', last_name) |
+-----------------------------------+
| SUSAN WILSON                      |
+-----------------------------------+
1 row in set (0.00 sec)
\end{lstlisting}


\end{document}